DOI,file
10.1016/j.materresbull.2019.110758,10.1016%2Fj.materresbull.2019.110758.ttl
10.1021/acsaem.9b01927,10.1021%2Facsaem.9b01927.ttl
10.1039/D0NJ02270E,10.1039%2FD0NJ02270E.ttl
10.1007/s10971-016-3994-3,10.1007%2Fs10971-016-3994-3.ttl
10.1016/j.catcom.2013.03.002,10.1016%2Fj.catcom.2013.03.002.ttl
10.1039/C1CC16185G,10.1039%2FC1CC16185G.ttl
10.1016/j.jcis.2020.02.108,10.1016%2Fj.jcis.2020.02.108.ttl
10.1016/j.apcata.2015.11.001,10.1016%2Fj.apcata.2015.11.001.ttl
10.1016/j.apcatb.2016.04.052,10.1016%2Fj.apcatb.2016.04.052.ttl
10.1016/j.cej.2020.127011,10.1016%2Fj.cej.2020.127011.ttl
10.1039/D0DT03229H,10.1039%2FD0DT03229H.ttl
10.1016/j.jcat.2013.10.016,10.1016%2Fj.jcat.2013.10.016.ttl
10.1016/j.cej.2020.126776,10.1016%2Fj.cej.2020.126776.ttl
10.1021/acssuschemeng.8b01073,10.1021%2Facssuschemeng.8b01073.ttl
10.1016/j.apt.2020.04.014,10.1016%2Fj.apt.2020.04.014.ttl
10.1039/C3CY20822B,10.1039%2FC3CY20822B.ttl
10.1039/C5CY01280E,10.1039%2FC5CY01280E.ttl
10.1016/j.supflu.2016.12.010,10.1016%2Fj.supflu.2016.12.010.ttl
10.1016/j.apcatb.2013.10.029,10.1016%2Fj.apcatb.2013.10.029.ttl
10.1016/S1872-2067(19)63494-7,10.1016%2FS1872-2067%2819%2963494-7.ttl
10.1007/s11237-014-9348-8,10.1007%2Fs11237-014-9348-8.ttl
10.1039/C1JM12367J,10.1039%2FC1JM12367J.ttl
10.1016/j.jcis.2015.01.017,10.1016%2Fj.jcis.2015.01.017.ttl
10.1021/cs300273q,10.1021%2Fcs300273q.ttl
10.1002/cssc.201600088,10.1002%2Fcssc.201600088.ttl
10.1016/j.cej.2012.12.053,10.1016%2Fj.cej.2012.12.053.ttl
10.1016/0038-092X(94)90480-4,10.1016%2F0038-092X%2894%2990480-4.ttl
10.1021/ja1068596,10.1021%2Fja1068596.ttl
10.1016/j.ijhydene.2018.12.166,10.1016%2Fj.ijhydene.2018.12.166.ttl
10.1016/j.apcata.2017.03.022,10.1016%2Fj.apcata.2017.03.022.ttl
10.1016/j.cplett.2020.137467,10.1016%2Fj.cplett.2020.137467.ttl
10.1021/ja207586e,10.1021%2Fja207586e.ttl
10.1021/ja200804h,10.1021%2Fja200804h.ttl
10.1016/S1010-6030(98)00272-X,10.1016%2FS1010-6030%2898%2900272-X.ttl
10.1021/acs.iecr.0c00522,10.1021%2Facs.iecr.0c00522.ttl
10.1016/j.apcatb.2017.11.022,10.1016%2Fj.apcatb.2017.11.022.ttl
10.1039/c7ra00765e,10.1039%2Fc7ra00765e.ttl
10.1039/C2CC35289C,10.1039%2FC2CC35289C.ttl
10.1002/chem.201804925,10.1002%2Fchem.201804925.ttl
10.1016/j.optmat.2021.111016,10.1016%2Fj.optmat.2021.111016.ttl
10.1016/j.nanoen.2020.105429,10.1016%2Fj.nanoen.2020.105429.ttl
10.1016/S0926-3373(02)00174-1,10.1016%2FS0926-3373%2802%2900174-1.ttl
10.1016/j.carbpol.2019.115584,10.1016%2Fj.carbpol.2019.115584.ttl
10.1039/d0dt03500a,10.1039%2Fd0dt03500a.ttl
10.1007/s11356-016-7032-3,10.1007%2Fs11356-016-7032-3.ttl
10.1021/j100190a057,10.1021%2Fj100190a057.ttl
10.1016/j.jcat.2020.09.038,10.1016%2Fj.jcat.2020.09.038.ttl
10.1016/S1010-6030(97)00082-8,10.1016%2FS1010-6030%2897%2900082-8.ttl
10.1002/adma.201802981,10.1002%2Fadma.201802981.ttl
10.1039/C3TA15262F,10.1039%2FC3TA15262F.ttl
10.1021/nn507429e,10.1021%2Fnn507429e.ttl
10.1002/slct.202000290,10.1002%2Fslct.202000290.ttl
10.1016/j.molcata.2015.10.034,10.1016%2Fj.molcata.2015.10.034.ttl
10.1021/acssuschemeng.0c04042,10.1021%2Facssuschemeng.0c04042.ttl
10.1016/j.cej.2020.128397,10.1016%2Fj.cej.2020.128397.ttl
10.1016/j.cplett.2004.10.109,10.1016%2Fj.cplett.2004.10.109.ttl
10.1016/j.apcatb.2013.05.054,10.1016%2Fj.apcatb.2013.05.054.ttl
10.1002/smll.201805473,10.1002%2Fsmll.201805473.ttl
10.1021/acsami.0c00163,10.1021%2Facsami.0c00163.ttl
10.1039/C1JM12717A,10.1039%2FC1JM12717A.ttl
10.1002/advs.201900289,10.1002%2Fadvs.201900289.ttl
10.1016/j.cej.2020.125347,10.1016%2Fj.cej.2020.125347.ttl
10.1016/j.supflu.2020.104876,10.1016%2Fj.supflu.2020.104876.ttl
10.1016/j.catcom.2009.10.010,10.1016%2Fj.catcom.2009.10.010.ttl
10.1016/j.apsusc.2019.143899,10.1016%2Fj.apsusc.2019.143899.ttl
10.1016/j.catcom.2008.04.004,10.1016%2Fj.catcom.2008.04.004.ttl
10.1039/c5cp07854g,10.1039%2Fc5cp07854g.ttl
10.1016/j.physe.2015.12.001,10.1016%2Fj.physe.2015.12.001.ttl
10.1007/s10562-020-03182-3,10.1007%2Fs10562-020-03182-3.ttl
10.1021/jp910835k,10.1021%2Fjp910835k.ttl
10.1016/j.apsusc.2013.10.135,10.1016%2Fj.apsusc.2013.10.135.ttl
10.1002/ange.202105420,10.1002%2Fange.202105420.ttl
sin_doi_1,sin_doi_1.ttl
10.1039/D0RA05010E,10.1039%2FD0RA05010E.ttl
10.1016/j.apcatb.2016.01.002,10.1016%2Fj.apcatb.2016.01.002.ttl
10.1016/j.catcom.2012.01.022,10.1016%2Fj.catcom.2012.01.022.ttl
10.1016/j.apcatb.2016.10.001,10.1016%2Fj.apcatb.2016.10.001.ttl
10.1016/S0926-3373(01)00322-8,10.1016%2FS0926-3373%2801%2900322-8.ttl
10.1016/S0920-5861(98)00219-3,10.1016%2FS0920-5861%2898%2900219-3.ttl
10.1002/solr.202000351,10.1002%2Fsolr.202000351.ttl
10.1016/j.apsusc.2019.145095,10.1016%2Fj.apsusc.2019.145095.ttl
sin_doi_2,sin_doi_2.ttl
10.1016/j.apcatb.2020.118849,10.1016%2Fj.apcatb.2020.118849.ttl
10.1039/D0TA07072F,10.1039%2FD0TA07072F.ttl
10.1016/j.ijhydene.2018.07.193,10.1016%2Fj.ijhydene.2018.07.193.ttl
10.1016/j.apcata.2013.01.018,10.1016%2Fj.apcata.2013.01.018.ttl
10.1016/j.carbon.2006.11.028,10.1016%2Fj.carbon.2006.11.028.ttl
10.1039/C5RA14374H,10.1039%2FC5RA14374H.ttl
10.1016/j.jiec.2017.12.037,10.1016%2Fj.jiec.2017.12.037.ttl
10.1021/acsami.8b04982,10.1021%2Facsami.8b04982.ttl
10.1002/solr.201900461,10.1002%2Fsolr.201900461.ttl
10.1039/C5RA17882G,10.1039%2FC5RA17882G.ttl
10.1016/j.apcatb.2013.01.040,10.1016%2Fj.apcatb.2013.01.040.ttl
10.1016/j.matlet.2020.128722,10.1016%2Fj.matlet.2020.128722.ttl
10.1016/j.jcou.2015.06.001,10.1016%2Fj.jcou.2015.06.001.ttl
10.1039/c7gc02963b,10.1039%2Fc7gc02963b.ttl
10.1039/C4RA06565D,10.1039%2FC4RA06565D.ttl
10.1038/277637a0,10.1038%2F277637a0.ttl
10.1039/C4RA06828A,10.1039%2FC4RA06828A.ttl
10.1016/j.apcatb.2020.118618,10.1016%2Fj.apcatb.2020.118618.ttl
10.1039/C5NR08747C,10.1039%2FC5NR08747C.ttl
10.1016/j.cattod.2010.12.054,10.1016%2Fj.cattod.2010.12.054.ttl
10.1016/j.cej.2020.127377,10.1016%2Fj.cej.2020.127377.ttl
10.1016/j.materresbull.2020.110955,10.1016%2Fj.materresbull.2020.110955.ttl
10.1098/rsos.181789,10.1098%2Frsos.181789.ttl
sin_doi_4,sin_doi_4.ttl
10.1016/j.cej.2020.127145,10.1016%2Fj.cej.2020.127145.ttl
10.1002/smll.202000426,10.1002%2Fsmll.202000426.ttl
10.1186/1556-276X-9-272,10.1186%2F1556-276X-9-272.ttl
10.1016/j.jallcom.2020.157668,10.1016%2Fj.jallcom.2020.157668.ttl
10.1039/C4RA02561J,10.1039%2FC4RA02561J.ttl
10.1021/jacs.8b03316,10.1021%2Fjacs.8b03316.ttl
10.1021/jp040345u,10.1021%2Fjp040345u.ttl
10.1016/j.apcatb.2011.09.024,10.1016%2Fj.apcatb.2011.09.024.ttl
10.1016/j.cej.2013.06.055,10.1016%2Fj.cej.2013.06.055.ttl
10.1021/ja304075b,10.1021%2Fja304075b.ttl
10.1016/j.apcatb.2020.118870,10.1016%2Fj.apcatb.2020.118870.ttl
10.1038/s42004-020-00381-2,10.1038%2Fs42004-020-00381-2.ttl
10.1016/j.apcatb.2012.04.035,10.1016%2Fj.apcatb.2012.04.035.ttl
10.1002/smll.201500926,10.1002%2Fsmll.201500926.ttl
10.1021/acsami.0c14826,10.1021%2Facsami.0c14826.ttl
10.1016/S1872-2067(19)63481-9,10.1016%2FS1872-2067%2819%2963481-9.ttl
10.1016/j.jcou.2018.02.006,10.1016%2Fj.jcou.2018.02.006.ttl
10.1016/j.apsusc.2013.09.165,10.1016%2Fj.apsusc.2013.09.165.ttl
10.1039/C2JM30337J,10.1039%2FC2JM30337J.ttl
10.1007/s40843-018-9245-y,10.1007%2Fs40843-018-9245-y.ttl
10.1016/j.cattod.2009.07.067,10.1016%2Fj.cattod.2009.07.067.ttl
10.1007/s10562-020-03263-3,10.1007%2Fs10562-020-03263-3.ttl
10.1016/j.scib.2020.02.019,10.1016%2Fj.scib.2020.02.019.ttl
10.1002/adfm.201202042,10.1002%2Fadfm.201202042.ttl
10.1021/jacs.9b11089,10.1021%2Fjacs.9b11089.ttl
10.1039/C4PP00252K,10.1039%2FC4PP00252K.ttl
10.1149/2.003309ssl,10.1149%2F2.003309ssl.ttl
10.1016/j.micromeso.2020.110539,10.1016%2Fj.micromeso.2020.110539.ttl
10.1002/smll.201603938,10.1002%2Fsmll.201603938.ttl
10.3390/nano10112212,10.3390%2Fnano10112212.ttl
10.1016/S0926-3373(99)00079-X,10.1016%2FS0926-3373%2899%2900079-X.ttl
10.1016/j.apsusc.2012.11.155,10.1016%2Fj.apsusc.2012.11.155.ttl
10.1016/0304-5102(92)80238-C,10.1016%2F0304-5102%2892%2980238-C.ttl
10.1016/j.catcom.2012.03.025,10.1016%2Fj.catcom.2012.03.025.ttl
10.1002/cctc.201800476,10.1002%2Fcctc.201800476.ttl
10.1016/0920-5861(92)80113-2,10.1016%2F0920-5861%2892%2980113-2.ttl
10.1016/j.materresbull.2019.110682,10.1016%2Fj.materresbull.2019.110682.ttl
10.1016/j.jre.2019.12.010,10.1016%2Fj.jre.2019.12.010.ttl
10.1016/j.matdes.2016.06.031,10.1016%2Fj.matdes.2016.06.031.ttl
10.1007/s12274-016-1391-4,10.1007%2Fs12274-016-1391-4.ttl
10.1039/C9RA04418C,10.1039%2FC9RA04418C.ttl
10.1039/C6RA02763F,10.1039%2FC6RA02763F.ttl
10.1016/j.jcis.2020.08.047,10.1016%2Fj.jcis.2020.08.047.ttl
10.1016/0196-8904(95)00081-N,10.1016%2F0196-8904%2895%2900081-N.ttl
10.1039/C3CE41274A,10.1039%2FC3CE41274A.ttl
10.1039/C3CC45532G,10.1039%2FC3CC45532G.ttl
10.1016/j.ijhydene.2015.12.066,10.1016%2Fj.ijhydene.2015.12.066.ttl
10.1016/j.apcatb.2018.08.060,10.1016%2Fj.apcatb.2018.08.060.ttl
10.1021/jp971621q,10.1021%2Fjp971621q.ttl
10.1039/C4NR01490A,10.1039%2FC4NR01490A.ttl
10.1016/j.apsusc.2017.02.178,10.1016%2Fj.apsusc.2017.02.178.ttl
10.1021/acsanm.9b02083,10.1021%2Facsanm.9b02083.ttl
10.1016/j.nanoen.2020.104717,10.1016%2Fj.nanoen.2020.104717.ttl
10.1021/acssuschemeng.7b03119,10.1021%2Facssuschemeng.7b03119.ttl
10.1016/j.jcou.2015.02.005,10.1016%2Fj.jcou.2015.02.005.ttl
10.1016/j.apcata.2010.03.059,10.1016%2Fj.apcata.2010.03.059.ttl
10.1016/j.jallcom.2021.158598,10.1016%2Fj.jallcom.2021.158598.ttl
10.3390/catal8120581,10.3390%2Fcatal8120581.ttl
10.1016/j.solener.2020.05.071,10.1016%2Fj.solener.2020.05.071.ttl
10.1007/s10562-020-03426,10.1007%2Fs10562-020-03426.ttl
10.1016/j.jcou.2018.10.006,10.1016%2Fj.jcou.2018.10.006.ttl
10.1021/acsami.0c17174,10.1021%2Facsami.0c17174.ttl
10.1002/anie.201411170,10.1002%2Fanie.201411170.ttl
10.1016/j.ceramint.2014.09.027,10.1016%2Fj.ceramint.2014.09.027.ttl
10.1039/C2EE03338K,10.1039%2FC2EE03338K.ttl
10.1016/j.jcat.2016.10.030,10.1016%2Fj.jcat.2016.10.030.ttl
10.2478/v10026-010-0022-1,10.2478%2Fv10026-010-0022-1.ttl
10.1016/j.apcatb.2014.09.052,10.1016%2Fj.apcatb.2014.09.052.ttl
10.1016/j.apcatb.2015.05.024,10.1016%2Fj.apcatb.2015.05.024.ttl
10.1016/j.electacta.2018.03.171,10.1016%2Fj.electacta.2018.03.171.ttl
10.1007/s11244-017-0797,10.1007%2Fs11244-017-0797.ttl
10.1016/j.apsusc.2013.08.111,10.1016%2Fj.apsusc.2013.08.111.ttl
10.1016/j.apcatb.2020.118876,10.1016%2Fj.apcatb.2020.118876.ttl
10.1016/j.apcatb.2018.07.027,10.1016%2Fj.apcatb.2018.07.027.ttl
10.1016/j.solmat.2012.12.017,10.1016%2Fj.solmat.2012.12.017.ttl
10.1016/S0920-5861(98)00206-5,10.1016%2FS0920-5861%2898%2900206-5.ttl
10.1016/j.apsusc.2019.03.333,10.1016%2Fj.apsusc.2019.03.333.ttl
10.1016/j.apcatb.2014.12.011,10.1016%2Fj.apcatb.2014.12.011.ttl
10.1016/j.jphotochem.2004.01.022,10.1016%2Fj.jphotochem.2004.01.022.ttl
10.1016/j.fuel.2014.11.066,10.1016%2Fj.fuel.2014.11.066.ttl
10.1016/j.apsusc.2015.07.097,10.1016%2Fj.apsusc.2015.07.097.ttl
10.1016/j.apcatb.2018.01.028,10.1016%2Fj.apcatb.2018.01.028.ttl
10.1016/j.apsusc.2018.09.099,10.1016%2Fj.apsusc.2018.09.099.ttl
10.1021/acsnano.0c02162,10.1021%2Facsnano.0c02162.ttl
10.1016/j.jcou.2015.10.004,10.1016%2Fj.jcou.2015.10.004.ttl
10.1002/cssc.201903545,10.1002%2Fcssc.201903545.ttl
10.1039/C4CC03060E,10.1039%2FC4CC03060E.ttl
10.1016/j.apsusc.2015.08.059,10.1016%2Fj.apsusc.2015.08.059.ttl
10.1039/c9cc07647f,10.1039%2Fc9cc07647f.ttl
10.1007/BF00806978,10.1007%2FBF00806978.ttl
10.1016/j.cattod.2012.12.022,10.1016%2Fj.cattod.2012.12.022.ttl
10.1002/cphc.202000786,10.1002%2Fcphc.202000786.ttl
10.1016/j.catcom.2016.05.025,10.1016%2Fj.catcom.2016.05.025.ttl
10.1016/j.jcis.2020.10.048,10.1016%2Fj.jcis.2020.10.048.ttl
10.1016/j.apcatb.2008.03.009,10.1016%2Fj.apcatb.2008.03.009.ttl
10.1021/acs.nanolett.8b00197,10.1021%2Facs.nanolett.8b00197.ttl
10.1021/jp001470i,10.1021%2Fjp001470i.ttl
10.1016/j.ceramint.2013.11.019,10.1016%2Fj.ceramint.2013.11.019.ttl
10.1016/j.cattod.2011.02.055,10.1016%2Fj.cattod.2011.02.055.ttl
10.1007/s11356-020-10765-5,10.1007%2Fs11356-020-10765-5.ttl
10.1002/solr.201900416,10.1002%2Fsolr.201900416.ttl
10.1007/s10854-020-03955-x,10.1007%2Fs10854-020-03955-x.ttl
10.3762/bjnano.10.44,10.3762%2Fbjnano.10.44.ttl
10.1002/anie.201003270,10.1002%2Fanie.201003270.ttl
10.1021/acsnano.8b00110,10.1021%2Facsnano.8b00110.ttl
10.1002/adfm.202002654,10.1002%2Fadfm.202002654.ttl
10.1016/j.catcom.2012.10.010,10.1016%2Fj.catcom.2012.10.010.ttl
10.1007/s12274-018-2240-4,10.1007%2Fs12274-018-2240-4.ttl
10.1039/D0RA03959D,10.1039%2FD0RA03959D.ttl
10.1016/j.apcatb.2020.119156,10.1016%2Fj.apcatb.2020.119156.ttl
10.1016/j.ceramint.2017.02.093,10.1016%2Fj.ceramint.2017.02.093.ttl
10.1016/j.apsusc.2014.07.161,10.1016%2Fj.apsusc.2014.07.161.ttl
10.1039/c8cy00274f,10.1039%2Fc8cy00274f.ttl
10.1016/j.nanoen.2018.12.016,10.1016%2Fj.nanoen.2018.12.016.ttl
10.1016/j.apcatb.2005.07.009,10.1016%2Fj.apcatb.2005.07.009.ttl
10.1016/j.matlet.2019.127201,10.1016%2Fj.matlet.2019.127201.ttl
10.1016/j.apcatb.2017.03.006,10.1016%2Fj.apcatb.2017.03.006.ttl
10.1016/j.jece.2020.103887,10.1016%2Fj.jece.2020.103887.ttl
10.1021/acsaem.0c01602,10.1021%2Facsaem.0c01602.ttl
10.17576/mjas-2017-2101-19,10.17576%2Fmjas-2017-2101-19.ttl
10.1016/j.jcat.2011.08.005,10.1016%2Fj.jcat.2011.08.005.ttl
10.1039/C2NR31718D,10.1039%2FC2NR31718D.ttl
10.1016/j.apcatb.2018.11.010,10.1016%2Fj.apcatb.2018.11.010.ttl
10.1039/C3CC39054C,10.1039%2FC3CC39054C.ttl
10.1016/j.solmat.2020.110890,10.1016%2Fj.solmat.2020.110890.ttl
10.1016/j.apcatb.2018.12.028,10.1016%2Fj.apcatb.2018.12.028.ttl
10.1016/j.nanoen.2019.04.029,10.1016%2Fj.nanoen.2019.04.029.ttl
10.1039/C5DT04124D,10.1039%2FC5DT04124D.ttl
10.1039/a704801g,10.1039%2Fa704801g.ttl
10.1016/j.apcatb.2006.09.015,10.1016%2Fj.apcatb.2006.09.015.ttl
10.1016/j.apsusc.2016.10.118,10.1016%2Fj.apsusc.2016.10.118.ttl
10.1016/j.apmt.2020.100744,10.1016%2Fj.apmt.2020.100744.ttl
10.1002/cctc.202000137,10.1002%2Fcctc.202000137.ttl
10.1021/acsami.6b03472,10.1021%2Facsami.6b03472.ttl
10.1088/1361-6528/ab72be,10.1088%2F1361-6528%2Fab72be.ttl
10.1021/acscatal.8b00989,10.1021%2Facscatal.8b00989.ttl
10.1016/j.solmat.2007.06.003,10.1016%2Fj.solmat.2007.06.003.ttl
10.1039/C2RA21283H,10.1039%2FC2RA21283H.ttl
10.1002/cssc.201301194,10.1002%2Fcssc.201301194.ttl
10.1039/C3NR05219B,10.1039%2FC3NR05219B.ttl
10.1002/cssc.202001764,10.1002%2Fcssc.202001764.ttl
10.1021/ja506433k,10.1021%2Fja506433k.ttl
10.1021/jp512797t,10.1021%2Fjp512797t.ttl
10.1039/D0TA10278D,10.1039%2FD0TA10278D.ttl
10.3390/molecules20010396,10.3390%2Fmolecules20010396.ttl
10.1016/j.solener.2018.02.063,10.1016%2Fj.solener.2018.02.063.ttl
10.1016/j.ijhydene.2012.04.003,10.1016%2Fj.ijhydene.2012.04.003.ttl
10.1039/C5RA26761G,10.1039%2FC5RA26761G.ttl
10.1016/j.mssp.2020.105119,10.1016%2Fj.mssp.2020.105119.ttl
10.1016/j.apcatb.2010.02.030,10.1016%2Fj.apcatb.2010.02.030.ttl
10.1021/acsami.0c05631,10.1021%2Facsami.0c05631.ttl
10.2174/13852728113179990057,10.2174%2F13852728113179990057.ttl
10.1039/C3RA00030C,10.1039%2FC3RA00030C.ttl
10.1016/j.cattod.2018.04.018,10.1016%2Fj.cattod.2018.04.018.ttl
10.1016/j.jallcom.2020.154683,10.1016%2Fj.jallcom.2020.154683.ttl
10.1021/acs.jpcc.6b12683,10.1021%2Facs.jpcc.6b12683.ttl
10.1016/j.cplett.2015.08.068,10.1016%2Fj.cplett.2015.08.068.ttl
10.1039/c6pp00235h,10.1039%2Fc6pp00235h.ttl
10.1021/jp010885g,10.1021%2Fjp010885g.ttl
10.1007/s10562-018-2586-y,10.1007%2Fs10562-018-2586-y.ttl
10.1016/j.cej.2020.126654,10.1016%2Fj.cej.2020.126654.ttl
10.1021/acssuschemeng.9b06751,10.1021%2Facssuschemeng.9b06751.ttl
10.3390/catal8100430,10.3390%2Fcatal8100430.ttl
10.1039/c9dt00792j,10.1039%2Fc9dt00792j.ttl
10.1039/D0NJ02174A,10.1039%2FD0NJ02174A.ttl
10.1016/j.apcatb.2019.03.025,10.1016%2Fj.apcatb.2019.03.025.ttl
10.1021/acsami.5b09901,10.1021%2Facsami.5b09901.ttl
10.1016/j.carbon.2020.07.080,10.1016%2Fj.carbon.2020.07.080.ttl
10.1002/solr.201900440,10.1002%2Fsolr.201900440.ttl
10.1002/cssc.202000375,10.1002%2Fcssc.202000375.ttl
10.1016/j.jclepro.2009.02.016,10.1016%2Fj.jclepro.2009.02.016.ttl
10.1016/j.jcou.2020.101262,10.1016%2Fj.jcou.2020.101262.ttl
10.1021/acsami.6b02275,10.1021%2Facsami.6b02275.ttl
10.1038/s41467-020-15262-4,10.1038%2Fs41467-020-15262-4.ttl
10.1016/j.jcou.2016.04.006,10.1016%2Fj.jcou.2016.04.006.ttl
10.1039/C4CC07225A,10.1039%2FC4CC07225A.ttl
10.1016/j.jcat.2003.09.002,10.1016%2Fj.jcat.2003.09.002.ttl
10.1016/j.cattod.2013.05.021,10.1016%2Fj.cattod.2013.05.021.ttl
10.1002/solr.202000472,10.1002%2Fsolr.202000472.ttl
10.1016/j.fuel.2020.119206,10.1016%2Fj.fuel.2020.119206.ttl
10.1002/anie.202004609,10.1002%2Fanie.202004609.ttl
10.1016/j.jcou.2019.09.008,10.1016%2Fj.jcou.2019.09.008.ttl
10.1039/D0NJ03351K,10.1039%2FD0NJ03351K.ttl
10.1016/j.jssc.2013.04.016,10.1016%2Fj.jssc.2013.04.016.ttl
10.1039/c9ta13774b,10.1039%2Fc9ta13774b.ttl
10.1016/j.apcatb.2018.06.019,10.1016%2Fj.apcatb.2018.06.019.ttl
10.1021/jacs.5b08773,10.1021%2Fjacs.5b08773.ttl
10.1016/j.jcis.2018.12.022,10.1016%2Fj.jcis.2018.12.022.ttl
10.1021/ie403742j,10.1021%2Fie403742j.ttl
10.1039/D0NA00814A,10.1039%2FD0NA00814A.ttl
10.1021/jacs.0c09599,10.1021%2Fjacs.0c09599.ttl
10.1007/s11164-018-3600-0,10.1007%2Fs11164-018-3600-0.ttl
10.1039/D0TA01310B,10.1039%2FD0TA01310B.ttl
10.1016/j.apcatb.2020.119232,10.1016%2Fj.apcatb.2020.119232.ttl
10.1021/acsami.8b22434,10.1021%2Facsami.8b22434.ttl
10.1016/j.cattod.2019.01.029,10.1016%2Fj.cattod.2019.01.029.ttl
10.1039/D0QM00314J,10.1039%2FD0QM00314J.ttl
10.1016/j.scib.2020.03.032,10.1016%2Fj.scib.2020.03.032.ttl
10.1016/j.fuproc.2014.09.017,10.1016%2Fj.fuproc.2014.09.017.ttl
10.1039/C0CC04687F,10.1039%2FC0CC04687F.ttl
10.1021/jacs.9b02997,10.1021%2Fjacs.9b02997.ttl
10.1016/j.cej.2014.08.095,10.1016%2Fj.cej.2014.08.095.ttl
10.1016/j.apsusc.2015.07.176,10.1016%2Fj.apsusc.2015.07.176.ttl
10.1246/cl.151061,10.1246%2Fcl.151061.ttl
10.1039/c3dt51887f,10.1039%2Fc3dt51887f.ttl
10.1016/j.catcom.2018.11.007,10.1016%2Fj.catcom.2018.11.007.ttl
10.1039/C5TA05503B,10.1039%2FC5TA05503B.ttl
10.1021/cg201568q,10.1021%2Fcg201568q.ttl
10.1016/j.jphotochem.2019.111933,10.1016%2Fj.jphotochem.2019.111933.ttl
10.1016/j.materresbull.2014.04.012,10.1016%2Fj.materresbull.2014.04.012.ttl
10.1016/j.cej.2017.02.044,10.1016%2Fj.cej.2017.02.044.ttl
10.1021/jacs.6b05304,10.1021%2Fjacs.6b05304.ttl
10.1016/j.cej.2020.127358,10.1016%2Fj.cej.2020.127358.ttl
10.1016/j.cattod.2019.03.012,10.1016%2Fj.cattod.2019.03.012.ttl
10.1039/C4CC04848B,10.1039%2FC4CC04848B.ttl
10.1007/s11705-020-1947-4,10.1007%2Fs11705-020-1947-4.ttl
10.1039/C4CY01201A,10.1039%2FC4CY01201A.ttl
10.1016/j.jcis.2019.12.088,10.1016%2Fj.jcis.2019.12.088.ttl
10.1016/j.nanoen.2017.03.021,10.1016%2Fj.nanoen.2017.03.021.ttl
10.1016/j.apcata.2007.11.022,10.1016%2Fj.apcata.2007.11.022.ttl
10.1016/j.jcou.2018.01.024,10.1016%2Fj.jcou.2018.01.024.ttl
10.1021/acsaem.0c01684,10.1021%2Facsaem.0c01684.ttl
10.1016/j.cplett.2016.03.027,10.1016%2Fj.cplett.2016.03.027.ttl
10.1039/C3CC00107E,10.1039%2FC3CC00107E.ttl
10.1163/156856794X00568,10.1163%2F156856794X00568.ttl
10.1016/j.apsusc.2018.02.162,10.1016%2Fj.apsusc.2018.02.162.ttl
10.1021/acsami.0c04028,10.1021%2Facsami.0c04028.ttl
10.1021/acscatal.8b03975,10.1021%2Facscatal.8b03975.ttl
10.1021/acssuschemeng.0c04205,10.1021%2Facssuschemeng.0c04205.ttl
10.1021/acscatal.9b00862,10.1021%2Facscatal.9b00862.ttl
10.1016/j.optmat.2015.11.015,10.1016%2Fj.optmat.2015.11.015.ttl
10.1021/jacs.8b10247,10.1021%2Fjacs.8b10247.ttl
10.1155/2013/686497,10.1155%2F2013%2F686497.ttl
10.1016/j.jhazmat.2020.122324,10.1016%2Fj.jhazmat.2020.122324.ttl
10.1021/acsami.0c13323,10.1021%2Facsami.0c13323.ttl
10.1016/j.jcou.2021.101501,10.1016%2Fj.jcou.2021.101501.ttl
10.1007/s11237-013-9311-0,10.1007%2Fs11237-013-9311-0.ttl
10.1002/admi.202000468,10.1002%2Fadmi.202000468.ttl
10.1016/j.cej.2020.125868,10.1016%2Fj.cej.2020.125868.ttl
10.1002/anie.201809492,10.1002%2Fanie.201809492.ttl
10.1016/j.jcou.2013.12.002,10.1016%2Fj.jcou.2013.12.002.ttl
10.1021/acssuschemeng.0c00969,10.1021%2Facssuschemeng.0c00969.ttl
10.1016/S1010-6030(98)00274-3,10.1016%2FS1010-6030%2898%2900274-3.ttl
10.1039/C4DT00181H,10.1039%2FC4DT00181H.ttl
10.1016/j.apcatb.2018.10.017,10.1016%2Fj.apcatb.2018.10.017.ttl
10.1016/j.apcatb.2015.06.019,10.1016%2Fj.apcatb.2015.06.019.ttl
10.1039/D0CC01338B,10.1039%2FD0CC01338B.ttl
10.1039/D0TA02102D,10.1039%2FD0TA02102D.ttl
10.1021/acs.inorgchem.9b00371,10.1021%2Facs.inorgchem.9b00371.ttl
10.21577/0103-5053.20180026,10.21577%2F0103-5053.20180026.ttl
10.1016/j.apcatb.2018.06.042,10.1016%2Fj.apcatb.2018.06.042.ttl
10.1002/chem.201301728,10.1002%2Fchem.201301728.ttl
10.1039/c8sc02809e,10.1039%2Fc8sc02809e.ttl
10.1039/B400326H,10.1039%2FB400326H.ttl
10.1163/156856706778606462,10.1163%2F156856706778606462.ttl
10.1021/jz9000032,10.1021%2Fjz9000032.ttl
10.1016/j.cej.2009.02.005,10.1016%2Fj.cej.2009.02.005.ttl
10.1016/j.matlet.2020.127990,10.1016%2Fj.matlet.2020.127990.ttl
10.1016/j.cattod.2015.09.004,10.1016%2Fj.cattod.2015.09.004.ttl
10.1039/C2CC16900B,10.1039%2FC2CC16900B.ttl
10.1016/j.jcou.2013.12.004,10.1016%2Fj.jcou.2013.12.004.ttl
10.1021/acsaem.0c01047,10.1021%2Facsaem.0c01047.ttl
10.1021/ja910091z,10.1021%2Fja910091z.ttl
10.1016/j.cattod.2018.11.005,10.1016%2Fj.cattod.2018.11.005.ttl
10.1016/j.apcatb.2018.01.005,10.1016%2Fj.apcatb.2018.01.005.ttl
10.1039/c8ta05970e,10.1039%2Fc8ta05970e.ttl
10.1016/j.apsusc.2017.11.116,10.1016%2Fj.apsusc.2017.11.116.ttl
10.1016/S1872-2067(07)60046-1,10.1016%2FS1872-2067%2807%2960046-1.ttl
10.1016/j.apcatb.2020.119006,10.1016%2Fj.apcatb.2020.119006.ttl
10.1088/0957-4484/25/16/165402,10.1088%2F0957-4484%2F25%2F16%2F165402.ttl
10.1016/j.catcom.2013.11.011,10.1016%2Fj.catcom.2013.11.011.ttl
10.1002/anie.202005143,10.1002%2Fanie.202005143.ttl
10.1016/j.apcatb.2019.117768,10.1016%2Fj.apcatb.2019.117768.ttl
10.1016/j.materresbull.2015.03.064,10.1016%2Fj.materresbull.2015.03.064.ttl
10.1016/j.apcatb.2014.12.046,10.1016%2Fj.apcatb.2014.12.046.ttl
10.1016/j.matlet.2013.05.132,10.1016%2Fj.matlet.2013.05.132.ttl
10.1016/j.apcatb.2014.09.032,10.1016%2Fj.apcatb.2014.09.032.ttl
10.1016/j.apcatb.2020.119239,10.1016%2Fj.apcatb.2020.119239.ttl
10.1016/j.apsusc.2019.144059,10.1016%2Fj.apsusc.2019.144059.ttl
10.1002/cctc.201901653,10.1002%2Fcctc.201901653.ttl
10.1016/j.apcatb.2017.02.076,10.1016%2Fj.apcatb.2017.02.076.ttl
10.1039/D0DT01686A,10.1039%2FD0DT01686A.ttl
10.1016/j.jcou.2017.02.002,10.1016%2Fj.jcou.2017.02.002.ttl
10.1016/j.apcatb.2016.10.065,10.1016%2Fj.apcatb.2016.10.065.ttl
10.1039/D0TA01817A,10.1039%2FD0TA01817A.ttl
10.1021/jp2020534,10.1021%2Fjp2020534.ttl
10.1039/c8ra02362j,10.1039%2Fc8ra02362j.ttl
10.1021/acsaem.0c01583,10.1021%2Facsaem.0c01583.ttl
10.1021/jp306793r,10.1021%2Fjp306793r.ttl
10.1039/C6NR02547A,10.1039%2FC6NR02547A.ttl
10.1007/s12274-014-0564-2,10.1007%2Fs12274-014-0564-2.ttl
10.1016/j.jcou.2018.05.010,10.1016%2Fj.jcou.2018.05.010.ttl
10.1021/es5046309,10.1021%2Fes5046309.ttl
10.1016/j.cattod.2010.08.026,10.1016%2Fj.cattod.2010.08.026.ttl
10.1016/j.apcatb.2017.11.035,10.1016%2Fj.apcatb.2017.11.035.ttl
10.1016/1010-6030(92)85112-8,10.1016%2F1010-6030%2892%2985112-8.ttl
10.1021/acs.iecr.9b06464,10.1021%2Facs.iecr.9b06464.ttl
10.1016/j.apcatb.2017.12.071,10.1016%2Fj.apcatb.2017.12.071.ttl
10.1007/s12274-016-1063-4,10.1007%2Fs12274-016-1063-4.ttl
10.1016/j.jcis.2020.06.103,10.1016%2Fj.jcis.2020.06.103.ttl
10.1039/B507103H,10.1039%2FB507103H.ttl
10.1016/1010-6030(93)80023-3,10.1016%2F1010-6030%2893%2980023-3.ttl
10.1016/0165-1633(84)90010-8,10.1016%2F0165-1633%2884%2990010-8.ttl
10.1016/j.egypro.2019.01.148,10.1016%2Fj.egypro.2019.01.148.ttl
10.1007/s10562-010-0482-1,10.1007%2Fs10562-010-0482-1.ttl
10.1016/j.apsusc.2021.149634,10.1016%2Fj.apsusc.2021.149634.ttl
10.1016/j.jcou.2017.02.004,10.1016%2Fj.jcou.2017.02.004.ttl
10.6084/m9.figshare.12715484,10.6084%2Fm9.figshare.12715484.ttl
10.1039/C5RA16870H,10.1039%2FC5RA16870H.ttl
10.1007/s12274-014-0514-z,10.1007%2Fs12274-014-0514-z.ttl
10.1021/acsami.9b15950,10.1021%2Facsami.9b15950.ttl
10.1016/S1872-2067(15)60989-5,10.1016%2FS1872-2067%2815%2960989-5.ttl
10.1016/j.apcata.2011.10.044,10.1016%2Fj.apcata.2011.10.044.ttl
10.1016/j.cattod.2020.10.008,10.1016%2Fj.cattod.2020.10.008.ttl
10.1016/0022-0728(95)04141-A,10.1016%2F0022-0728%2895%2904141-A.ttl
10.1039/C1CC16107E,10.1039%2FC1CC16107E.ttl
10.1016/j.cej.2020.125944,10.1016%2Fj.cej.2020.125944.ttl
10.1016/j.cattod.2015.01.030,10.1016%2Fj.cattod.2015.01.030.ttl
10.1021/acs.chemmater.5b03017,10.1021%2Facs.chemmater.5b03017.ttl
10.1016/j.jcou.2014.06.003,10.1016%2Fj.jcou.2014.06.003.ttl
10.1016/j.ijhydene.2013.11.019,10.1016%2Fj.ijhydene.2013.11.019.ttl
10.1155/2014/316589,10.1155%2F2014%2F316589.ttl
10.1016/j.nanoen.2020.105104,10.1016%2Fj.nanoen.2020.105104.ttl
10.1016/j.apcatb.2020.119085,10.1016%2Fj.apcatb.2020.119085.ttl
10.1021/acsanm.0c02312,10.1021%2Facsanm.0c02312.ttl
10.1016/j.apsusc.2019.01.176,10.1016%2Fj.apsusc.2019.01.176.ttl
10.1039/C6RA02958B,10.1039%2FC6RA02958B.ttl
10.1039/C6CY01237J,10.1039%2FC6CY01237J.ttl
10.1016/j.apcatb.2014.06.037,10.1016%2Fj.apcatb.2014.06.037.ttl
10.1016/j.ijhydene.2011.02.116,10.1016%2Fj.ijhydene.2011.02.116.ttl
10.1016/j.apcata.2005.08.021,10.1016%2Fj.apcata.2005.08.021.ttl
10.1016/j.cclet.2020.07.019,10.1016%2Fj.cclet.2020.07.019.ttl
10.1016/j.apcatb.2015.03.045,10.1016%2Fj.apcatb.2015.03.045.ttl
10.1016/j.apcata.2011.04.032,10.1016%2Fj.apcata.2011.04.032.ttl
10.1016/j.catcom.2008.01.018,10.1016%2Fj.catcom.2008.01.018.ttl
10.1039/C5RA21888H,10.1039%2FC5RA21888H.ttl
10.1016/j.cattod.2004.09.004,10.1016%2Fj.cattod.2004.09.004.ttl
10.1016/j.apt.2021.03.022,10.1016%2Fj.apt.2021.03.022.ttl
10.1016/j.jcou.2014.02.002,10.1016%2Fj.jcou.2014.02.002.ttl
10.1016/j.apcatb.2012.11.019,10.1016%2Fj.apcatb.2012.11.019.ttl
10.1155/S1110662X05000176,10.1155%2FS1110662X05000176.ttl
10.1016/j.matlet.2016.03.122,10.1016%2Fj.matlet.2016.03.122.ttl
10.3390/catal8010041,10.3390%2Fcatal8010041.ttl
10.1002/cssc.201901712,10.1002%2Fcssc.201901712.ttl
10.1016/j.jcat.2020.08.036,10.1016%2Fj.jcat.2020.08.036.ttl
10.1007/s12274-016-1087-9,10.1007%2Fs12274-016-1087-9.ttl
10.1016/j.apsusc.2019.144083,10.1016%2Fj.apsusc.2019.144083.ttl
10.1039/D0NR02944K,10.1039%2FD0NR02944K.ttl
10.1021/cs2001434,10.1021%2Fcs2001434.ttl
10.3303/CET1545044,10.3303%2FCET1545044.ttl
10.1016/j.cattod.2014.10.039,10.1016%2Fj.cattod.2014.10.039.ttl
10.1039/D0CC02707C,10.1039%2FD0CC02707C.ttl
10.1007/s11144-020-01837-1,10.1007%2Fs11144-020-01837-1.ttl
10.1039/C5CP00647C,10.1039%2FC5CP00647C.ttl
10.1021/j100105a001,10.1021%2Fj100105a001.ttl
10.1016/j.apcatb.2020.118931,10.1016%2Fj.apcatb.2020.118931.ttl
10.1186/1556-276X-9-158,10.1186%2F1556-276X-9-158.ttl
10.1039/b613098d,10.1039%2Fb613098d.ttl
10.1039/C4DT02461C,10.1039%2FC4DT02461C.ttl
10.1016/S0254-0584(00)00475-2,10.1016%2FS0254-0584%2800%2900475-2.ttl
10.1039/c8ta08091g,10.1039%2Fc8ta08091g.ttl
10.1016/j.cej.2015.01.099,10.1016%2Fj.cej.2015.01.099.ttl
10.1016/j.apsusc.2014.07.019,10.1016%2Fj.apsusc.2014.07.019.ttl
10.1016/j.cej.2020.124288,10.1016%2Fj.cej.2020.124288.ttl
10.1016/j.jechem.2019.10.004,10.1016%2Fj.jechem.2019.10.004.ttl
10.1021/acs.jpclett.0c01088,10.1021%2Facs.jpclett.0c01088.ttl
10.1039/D0NR02551H,10.1039%2FD0NR02551H.ttl
10.3390/nano10101909,10.3390%2Fnano10101909.ttl
10.1016/j.catcom.2011.12.025,10.1016%2Fj.catcom.2011.12.025.ttl
10.1039/C4TA01494D,10.1039%2FC4TA01494D.ttl
10.1016/j.jechem.2020.02.035,10.1016%2Fj.jechem.2020.02.035.ttl
10.1007/s11814-018-0007-y,10.1007%2Fs11814-018-0007-y.ttl
10.1016/j.ceramint.2015.01.044,10.1016%2Fj.ceramint.2015.01.044.ttl
10.1016/j.jcat.2020.07.036,10.1016%2Fj.jcat.2020.07.036.ttl
10.1038/s41467-020-16742-3,10.1038%2Fs41467-020-16742-3.ttl
10.1016/j.jcat.2018.04.020,10.1016%2Fj.jcat.2018.04.020.ttl
10.1039/C9CY00824A,10.1039%2FC9CY00824A.ttl
10.1039/c4nr05371k,10.1039%2Fc4nr05371k.ttl
10.1016/j.diamond.2018.11.002,10.1016%2Fj.diamond.2018.11.002.ttl
10.1039/C4CP00133H,10.1039%2FC4CP00133H.ttl
10.1016/S1872-2067(10)60199-4,10.1016%2FS1872-2067%2810%2960199-4.ttl
10.1021/acs.jpclett.9b03176,10.1021%2Facs.jpclett.9b03176.ttl
10.1021/acscatal.8b04975,10.1021%2Facscatal.8b04975.ttl
10.1021/am404572g,10.1021%2Fam404572g.ttl
10.3390/ma11020307,10.3390%2Fma11020307.ttl
10.1016/j.nanoen.2016.04.049,10.1016%2Fj.nanoen.2016.04.049.ttl
10.1016/j.cej.2013.06.119,10.1016%2Fj.cej.2013.06.119.ttl
10.1016/j.apcatb.2016.06.057,10.1016%2Fj.apcatb.2016.06.057.ttl
10.1016/j.apsusc.2020.147891,10.1016%2Fj.apsusc.2020.147891.ttl
10.1002/anie.201907082,10.1002%2Fanie.201907082.ttl
10.1016/j.jhazmat.2017.10.007,10.1016%2Fj.jhazmat.2017.10.007.ttl
10.1039/D0DT01436B,10.1039%2FD0DT01436B.ttl
10.1016/j.nanoen.2020.105059,10.1016%2Fj.nanoen.2020.105059.ttl
10.1016/S1010-6030(97)00107-X,10.1016%2FS1010-6030%2897%2900107-X.ttl
10.1016/j.apcatb.2020.119267,10.1016%2Fj.apcatb.2020.119267.ttl
10.1016/j.apcata.2012.06.009,10.1016%2Fj.apcata.2012.06.009.ttl
10.1021/am2008147,10.1021%2Fam2008147.ttl
10.1002/adma.201908350,10.1002%2Fadma.201908350.ttl
10.1016/j.jcou.2019.12.020,10.1016%2Fj.jcou.2019.12.020.ttl
10.1016/j.jcis.2018.10.094,10.1016%2Fj.jcis.2018.10.094.ttl
10.1016/j.jechem.2020.01.020,10.1016%2Fj.jechem.2020.01.020.ttl
10.1016/j.apcatb.2020.118884,10.1016%2Fj.apcatb.2020.118884.ttl
10.1016/j.apcatb.2018.09.073,10.1016%2Fj.apcatb.2018.09.073.ttl
10.1016/j.jcis.2010.12.034,10.1016%2Fj.jcis.2010.12.034.ttl
10.1039/C5CC01124H,10.1039%2FC5CC01124H.ttl
10.1016/j.solener.2013.08.027,10.1016%2Fj.solener.2013.08.027.ttl
10.1039/C1JM14122H,10.1039%2FC1JM14122H.ttl
10.1021/ef500648k,10.1021%2Fef500648k.ttl
10.1002/asia.201402303,10.1002%2Fasia.201402303.ttl
10.1002/adom.201800911,10.1002%2Fadom.201800911.ttl
10.3390/catal10090998,10.3390%2Fcatal10090998.ttl
10.1016/j.apsusc.2017.01.171,10.1016%2Fj.apsusc.2017.01.171.ttl
10.1039/C6TA00429F,10.1039%2FC6TA00429F.ttl
10.1016/j.jphotochem.2018.06.024,10.1016%2Fj.jphotochem.2018.06.024.ttl
10.1039/C5NR05332C,10.1039%2FC5NR05332C.ttl
10.1039/C6CE00248J,10.1039%2FC6CE00248J.ttl
10.1021/jacs.8b02200,10.1021%2Fjacs.8b02200.ttl
10.1016/S1003-9953(10)60212-5,10.1016%2FS1003-9953%2810%2960212-5.ttl
10.1016/j.apsusc.2020.145952,10.1016%2Fj.apsusc.2020.145952.ttl
10.1016/j.cej.2014.09.022,10.1016%2Fj.cej.2014.09.022.ttl
10.1002/chem.201803250,10.1002%2Fchem.201803250.ttl
10.1016/j.apcatb.2010.08.015,10.1016%2Fj.apcatb.2010.08.015.ttl
10.1016/j.jcis.2020.10.056,10.1016%2Fj.jcis.2020.10.056.ttl
10.1039/C3CY00807J,10.1039%2FC3CY00807J.ttl
10.1016/j.fuel.2014.09.079,10.1016%2Fj.fuel.2014.09.079.ttl
10.1002/aenm.202002928,10.1002%2Faenm.202002928.ttl
10.1016/j.solidstatesciences.2019.106099,10.1016%2Fj.solidstatesciences.2019.106099.ttl
10.1021/acs.chemmater.7b04313,10.1021%2Facs.chemmater.7b04313.ttl
10.1016/j.jssc.2020.121298,10.1016%2Fj.jssc.2020.121298.ttl
10.1039/C4NR02450H,10.1039%2FC4NR02450H.ttl
10.1002/cctc.201600782,10.1002%2Fcctc.201600782.ttl
10.1039/C9NR09743K,10.1039%2FC9NR09743K.ttl
10.1088/1361-6528/aaa272,10.1088%2F1361-6528%2Faaa272.ttl
10.1021/jacs.6b01997,10.1021%2Fjacs.6b01997.ttl
10.1021/nl2012906,10.1021%2Fnl2012906.ttl
10.1021/acsami.0c08152,10.1021%2Facsami.0c08152.ttl
10.1039/C5CP07148H,10.1039%2FC5CP07148H.ttl
10.1016/j.apcata.2013.07.056,10.1016%2Fj.apcata.2013.07.056.ttl
10.1016/j.apcatb.2014.12.022,10.1016%2Fj.apcatb.2014.12.022.ttl
10.1016/j.apcatb.2014.07.026,10.1016%2Fj.apcatb.2014.07.026.ttl
10.1039/C4CC00745J,10.1039%2FC4CC00745J.ttl
10.1002/anie.201903027,10.1002%2Fanie.201903027.ttl
10.1002/cssc.202000712,10.1002%2Fcssc.202000712.ttl
10.1021/cs500648p,10.1021%2Fcs500648p.ttl
10.1080/15567036.2016.1255678,10.1080%2F15567036.2016.1255678.ttl
10.1016/j.jechem.2020.10.038,10.1016%2Fj.jechem.2020.10.038.ttl
10.22146/ijc.841,10.22146%2Fijc.841.ttl
10.1039/D0TA01247E,10.1039%2FD0TA01247E.ttl
10.1016/j.solmat.2013.11.034,10.1016%2Fj.solmat.2013.11.034.ttl
10.1021/acs.iecr.0c01034,10.1021%2Facs.iecr.0c01034.ttl
10.1016/j.apcata.2020.117503,10.1016%2Fj.apcata.2020.117503.ttl
10.1021/acs.jpcc.0c01548,10.1021%2Facs.jpcc.0c01548.ttl
10.1016/j.mattod.2019.11.005,10.1016%2Fj.mattod.2019.11.005.ttl
10.1016/j.apcata.2013.08.019,10.1016%2Fj.apcata.2013.08.019.ttl
10.1016/j.nanoen.2020.105542,10.1016%2Fj.nanoen.2020.105542.ttl
10.1039/C1GC15078B,10.1039%2FC1GC15078B.ttl
10.1016/j.apcatb.2019.118380,10.1016%2Fj.apcatb.2019.118380.ttl
10.1016/j.jcat.2020.06.026,10.1016%2Fj.jcat.2020.06.026.ttl
10.1016/j.apcatb.2017.11.011,10.1016%2Fj.apcatb.2017.11.011.ttl
10.1039/C4TA06295G,10.1039%2FC4TA06295G.ttl
10.1021/jp409311x,10.1021%2Fjp409311x.ttl
10.1016/j.cattod.2011.08.010,10.1016%2Fj.cattod.2011.08.010.ttl
10.1016/j.cej.2019.123172,10.1016%2Fj.cej.2019.123172.ttl
10.1021/acs.energyfuels.0c02637,10.1021%2Facs.energyfuels.0c02637.ttl
10.1021/acssuschemeng.0c04829,10.1021%2Facssuschemeng.0c04829.ttl
10.1061/(ASCE)EE.1943-7870.0000311,10.1061%2F%28ASCE%29EE.1943-7870.0000311.ttl
10.1016/j.apcatb.2016.01.044,10.1016%2Fj.apcatb.2016.01.044.ttl
10.1039/C4RA13593H,10.1039%2FC4RA13593H.ttl
10.1021/acsomega.8b03247,10.1021%2Facsomega.8b03247.ttl
10.1016/j.enconman.2016.04.057,10.1016%2Fj.enconman.2016.04.057.ttl
10.1039/D0NR01696A,10.1039%2FD0NR01696A.ttl
10.1016/j.jcou.2015.09.001,10.1016%2Fj.jcou.2015.09.001.ttl
10.1016/S0920-5861(02)00027-5,10.1016%2FS0920-5861%2802%2900027-5.ttl
10.1016/j.apcatb.2014.01.015,10.1016%2Fj.apcatb.2014.01.015.ttl
10.1016/S1872-2067(20)63566-5,10.1016%2FS1872-2067%2820%2963566-5.ttl
10.1016/S1010-6030(97)00318-3,10.1016%2FS1010-6030%2897%2900318-3.ttl
10.1039/C4TA00105B,10.1039%2FC4TA00105B.ttl
10.1016/j.apcatb.2015.10.037,10.1016%2Fj.apcatb.2015.10.037.ttl
10.1016/j.apcatb.2018.11.021,10.1016%2Fj.apcatb.2018.11.021.ttl
10.1016/j.apcatb.2009.01.010,10.1016%2Fj.apcatb.2009.01.010.ttl
10.1016/j.apcatb.2017.03.018,10.1016%2Fj.apcatb.2017.03.018.ttl
10.1021/jacs.0c05530,10.1021%2Fjacs.0c05530.ttl
10.1016/j.jcat.2020.09.029,10.1016%2Fj.jcat.2020.09.029.ttl
10.3390/catal8090353,10.3390%2Fcatal8090353.ttl
10.1021/ja108791u,10.1021%2Fja108791u.ttl
10.1021/acsnano.0c03146,10.1021%2Facsnano.0c03146.ttl
10.1155/2010/309103,10.1155%2F2010%2F309103.ttl
10.1016/j.jhazmat.2020.124019,10.1016%2Fj.jhazmat.2020.124019.ttl
10.1016/j.jhazmat.2016.03.052,10.1016%2Fj.jhazmat.2016.03.052.ttl
10.1016/j.apcatb.2017.10.053,10.1016%2Fj.apcatb.2017.10.053.ttl
10.1016/j.cej.2020.125922,10.1016%2Fj.cej.2020.125922.ttl
10.1002/smll.201902287,10.1002%2Fsmll.201902287.ttl
10.1016/j.catcom.2015.10.029,10.1016%2Fj.catcom.2015.10.029.ttl
10.1016/j.jallcom.2020.158446,10.1016%2Fj.jallcom.2020.158446.ttl
10.1016/j.jcou.2021.101561,10.1016%2Fj.jcou.2021.101561.ttl
10.1039/D0CE01462A,10.1039%2FD0CE01462A.ttl
10.1016/j.apcatb.2020.119063,10.1016%2Fj.apcatb.2020.119063.ttl
10.1039/D0DT03205K,10.1039%2FD0DT03205K.ttl
10.1023/A:1011403320301,10.1023%2FA%3A1011403320301.ttl
10.1039/d0cy00343c,10.1039%2Fd0cy00343c.ttl
10.1039/C5GC02308D,10.1039%2FC5GC02308D.ttl
10.1016/j.jcou.2018.06.009,10.1016%2Fj.jcou.2018.06.009.ttl
10.1021/acssuschemeng.7b03974,10.1021%2Facssuschemeng.7b03974.ttl
10.1016/j.jcis.2013.08.050,10.1016%2Fj.jcis.2013.08.050.ttl
10.1021/acsnano.0c02940,10.1021%2Facsnano.0c02940.ttl
10.1016/j.jcis.2014.11.039,10.1016%2Fj.jcis.2014.11.039.ttl
10.1016/j.jlumin.2014.04.040,10.1016%2Fj.jlumin.2014.04.040.ttl
10.1016/j.apcatb.2015.12.037,10.1016%2Fj.apcatb.2015.12.037.ttl
10.1007/s11237-014-9362-x,10.1007%2Fs11237-014-9362-x.ttl
10.1039/c0ee00609b,10.1039%2Fc0ee00609b.ttl
10.1016/j.apcatb.2020.119473,10.1016%2Fj.apcatb.2020.119473.ttl
10.1021/acs.jpca.6b07236,10.1021%2Facs.jpca.6b07236.ttl
10.1016/j.apcata.2020.117459,10.1016%2Fj.apcata.2020.117459.ttl
10.1016/j.ijhydene.2013.03.128,10.1016%2Fj.ijhydene.2013.03.128.ttl
10.1016/j.catcom.2013.04.020,10.1016%2Fj.catcom.2013.04.020.ttl
10.1016/j.matdes.2020.108737,10.1016%2Fj.matdes.2020.108737.ttl
10.1039/C9NR10451H,10.1039%2FC9NR10451H.ttl
10.1016/j.cej.2015.10.033,10.1016%2Fj.cej.2015.10.033.ttl
10.1039/C4TA03128H,10.1039%2FC4TA03128H.ttl
10.1016/j.ces.2020.116049,10.1016%2Fj.ces.2020.116049.ttl
10.1002/chem.201800335,10.1002%2Fchem.201800335.ttl
10.1039/c4pp00407h,10.1039%2Fc4pp00407h.ttl
10.1016/j.cattod.2011.06.019,10.1016%2Fj.cattod.2011.06.019.ttl
10.1016/j.matlet.2016.04.193,10.1016%2Fj.matlet.2016.04.193.ttl
10.1016/j.nanoen.2015.03.014,10.1016%2Fj.nanoen.2015.03.014.ttl
10.1016/j.nanoen.2015.11.010,10.1016%2Fj.nanoen.2015.11.010.ttl
10.1021/j100062a035,10.1021%2Fj100062a035.ttl
10.1039/D0TA02256J,10.1039%2FD0TA02256J.ttl
10.1002/ente.201600578,10.1002%2Fente.201600578.ttl
10.1039/D0NR00483A,10.1039%2FD0NR00483A.ttl
10.1016/j.apcatb.2018.10.023,10.1016%2Fj.apcatb.2018.10.023.ttl
10.1088/1361-6528/aabdb1,10.1088%2F1361-6528%2Faabdb1.ttl
10.1016/j.apcatb.2016.05.071,10.1016%2Fj.apcatb.2016.05.071.ttl
10.1016/j.jcis.2020.06.035,10.1016%2Fj.jcis.2020.06.035.ttl
10.1246/bcsj.20190366,10.1246%2Fbcsj.20190366.ttl
10.1039/C4DT02940B,10.1039%2FC4DT02940B.ttl
10.1021/acs.jpcc.5b08893,10.1021%2Facs.jpcc.5b08893.ttl
10.1021/acsami.5b03509,10.1021%2Facsami.5b03509.ttl
10.1039/c8ta09302d,10.1039%2Fc8ta09302d.ttl
10.1016/j.ceramint.2016.04.136,10.1016%2Fj.ceramint.2016.04.136.ttl
10.1166/jnn.2017.13078,10.1166%2Fjnn.2017.13078.ttl
10.1039/C4CC10241J,10.1039%2FC4CC10241J.ttl
10.1016/j.apcatb.2018.07.066,10.1016%2Fj.apcatb.2018.07.066.ttl
10.1016/j.jcat.2011.01.004,10.1016%2Fj.jcat.2011.01.004.ttl
10.1016/j.ijhydene.2020.08.273,10.1016%2Fj.ijhydene.2020.08.273.ttl
10.1007/s12274-017-1943-2,10.1007%2Fs12274-017-1943-2.ttl
10.1016/j.apcatb.2020.119192,10.1016%2Fj.apcatb.2020.119192.ttl
10.1002/adfm.201804284,10.1002%2Fadfm.201804284.ttl
10.1016/1010-6030(91)90033-P,10.1016%2F1010-6030%2891%2990033-P.ttl
10.1016/j.apsusc.2019.144931,10.1016%2Fj.apsusc.2019.144931.ttl
10.1021/acsami.5b11836,10.1021%2Facsami.5b11836.ttl
10.1016/j.apsusc.2020.145801,10.1016%2Fj.apsusc.2020.145801.ttl
10.1039/C3CY00524K,10.1039%2FC3CY00524K.ttl
10.1007/s11771-014-2248-1,10.1007%2Fs11771-014-2248-1.ttl
10.1016/j.scib.2019.05.014,10.1016%2Fj.scib.2019.05.014.ttl
10.1016/j.apcatb.2019.118208,10.1016%2Fj.apcatb.2019.118208.ttl
10.1016/j.jtice.2013.09.013,10.1016%2Fj.jtice.2013.09.013.ttl
10.1021/am302631b,10.1021%2Fam302631b.ttl
10.1039/d0ra00672f,10.1039%2Fd0ra00672f.ttl
10.1016/S0926-860X(03)00205-9,10.1016%2FS0926-860X%2803%2900205-9.ttl
10.1021/ja101318k,10.1021%2Fja101318k.ttl
10.1021/acs.nanolett.9b05121,10.1021%2Facs.nanolett.9b05121.ttl
10.1016/j.jphotochem.2020.112763,10.1016%2Fj.jphotochem.2020.112763.ttl
10.1002/anie.201810648,10.1002%2Fanie.201810648.ttl
10.1021/acssuschemeng.9b07591,10.1021%2Facssuschemeng.9b07591.ttl
10.1016/j.apcata.2014.09.016,10.1016%2Fj.apcata.2014.09.016.ttl
10.1039/C4TA02192D,10.1039%2FC4TA02192D.ttl
10.1016/j.cattod.2018.11.068,10.1016%2Fj.cattod.2018.11.068.ttl
10.1016/j.solmat.2008.02.010,10.1016%2Fj.solmat.2008.02.010.ttl
10.1021/jacs.7b00266,10.1021%2Fjacs.7b00266.ttl
10.1039/C4CC01304B,10.1039%2FC4CC01304B.ttl
10.1016/j.apcatb.2020.118736,10.1016%2Fj.apcatb.2020.118736.ttl
10.1002/anie.202106310,10.1002%2Fanie.202106310.ttl
10.1039/C4RA10670A,10.1039%2FC4RA10670A.ttl
10.1016/j.apsusc.2013.04.010,10.1016%2Fj.apsusc.2013.04.010.ttl
10.1039/B008887K,10.1039%2FB008887K.ttl
10.1088/1361-6528/ab9f74,10.1088%2F1361-6528%2Fab9f74.ttl
10.1039/c8ta07158f,10.1039%2Fc8ta07158f.ttl
10.1007/s11244-005-3839-8,10.1007%2Fs11244-005-3839-8.ttl
10.1016/j.ijhydene.2015.11.019,10.1016%2Fj.ijhydene.2015.11.019.ttl
10.1016/j.jiec.2019.09.033,10.1016%2Fj.jiec.2019.09.033.ttl
10.1016/j.matlet.2012.10.059,10.1016%2Fj.matlet.2012.10.059.ttl
10.1039/C5CY00767D,10.1039%2FC5CY00767D.ttl
10.1016/j.cattod.2014.09.005,10.1016%2Fj.cattod.2014.09.005.ttl
10.1016/j.cej.2016.01.032,10.1016%2Fj.cej.2016.01.032.ttl
10.1007/s11270-018-3881-3,10.1007%2Fs11270-018-3881-3.ttl
10.1016/j.catcom.2014.09.030,10.1016%2Fj.catcom.2014.09.030.ttl
10.1016/j.matlet.2014.08.078,10.1016%2Fj.matlet.2014.08.078.ttl
10.1007/s10563-009-9065-9,10.1007%2Fs10563-009-9065-9.ttl
10.1016/j.cej.2011.11.029,10.1016%2Fj.cej.2011.11.029.ttl
10.1016/j.cattod.2006.02.057,10.1016%2Fj.cattod.2006.02.057.ttl
10.1016/S1010-6030(99)00113-6,10.1016%2FS1010-6030%2899%2900113-6.ttl
10.1016/j.tsf.2009.02.075,10.1016%2Fj.tsf.2009.02.075.ttl
10.1039/d0cc01176b,10.1039%2Fd0cc01176b.ttl
10.1016/j.apcatb.2020.118738,10.1016%2Fj.apcatb.2020.118738.ttl
10.1016/j.jpcs.2012.01.005,10.1016%2Fj.jpcs.2012.01.005.ttl
10.1016/j.cattod.2004.03.063,10.1016%2Fj.cattod.2004.03.063.ttl
10.1016/j.apcatb.2012.12.024,10.1016%2Fj.apcatb.2012.12.024.ttl
10.1016/j.stam.2006.11.004,10.1016%2Fj.stam.2006.11.004.ttl
10.1016/j.ijhydene.2017.01.126,10.1016%2Fj.ijhydene.2017.01.126.ttl
10.1016/j.apcatb.2020.119832,10.1016%2Fj.apcatb.2020.119832.ttl
10.1016/j.apcata.2015.11.023,10.1016%2Fj.apcata.2015.11.023.ttl
10.1016/j.apcatb.2020.119600,10.1016%2Fj.apcatb.2020.119600.ttl
10.1016/j.catcom.2018.01.006,10.1016%2Fj.catcom.2018.01.006.ttl
10.1016/j.apcatb.2018.02.018,10.1016%2Fj.apcatb.2018.02.018.ttl
10.1016/j.enconman.2012.08.021,10.1016%2Fj.enconman.2012.08.021.ttl
10.1016/j.apcatb.2016.06.039,10.1016%2Fj.apcatb.2016.06.039.ttl
10.1109/RTSI.2018.8548363,10.1109%2FRTSI.2018.8548363.ttl
10.1016/j.ceramint.2014.04.094,10.1016%2Fj.ceramint.2014.04.094.ttl
10.1021/acssuschemeng.0c01151,10.1021%2Facssuschemeng.0c01151.ttl
10.3390/molecules201018847,10.3390%2Fmolecules201018847.ttl
10.1002/chem.201402242,10.1002%2Fchem.201402242.ttl
10.1016/j.apsusc.2016.03.141,10.1016%2Fj.apsusc.2016.03.141.ttl
10.1007/s10854-020-04568-0,10.1007%2Fs10854-020-04568-0.ttl
10.1016/j.jtice.2012.11.007,10.1016%2Fj.jtice.2012.11.007.ttl
10.1007/s10854-020-04461-w,10.1007%2Fs10854-020-04461-w.ttl
10.1016/j.materresbull.2019.110499,10.1016%2Fj.materresbull.2019.110499.ttl
10.1021/acsnano.0c04659,10.1021%2Facsnano.0c04659.ttl
10.1002/cssc.202001855,10.1002%2Fcssc.202001855.ttl
10.1016/j.cattod.2018.11.017,10.1016%2Fj.cattod.2018.11.017.ttl
10.1016/j.jcis.2020.02.025,10.1016%2Fj.jcis.2020.02.025.ttl
10.1039/c8cy00158h,10.1039%2Fc8cy00158h.ttl
10.1016/j.apcatb.2020.118810,10.1016%2Fj.apcatb.2020.118810.ttl
10.1016/S1002-0721(14)60540-8,10.1016%2FS1002-0721%2814%2960540-8.ttl
10.3390/catal11010047,10.3390%2Fcatal11010047.ttl
10.1016/j.apcatb.2013.09.036,10.1016%2Fj.apcatb.2013.09.036.ttl
10.1039/c8ta12255e,10.1039%2Fc8ta12255e.ttl
10.1002/anie.201812790,10.1002%2Fanie.201812790.ttl
10.1039/C0EE00780C,10.1039%2FC0EE00780C.ttl
10.1039/D0NR02917C,10.1039%2FD0NR02917C.ttl
10.1039/c7ta09192c,10.1039%2Fc7ta09192c.ttl
10.1016/j.apcatb.2020.118867,10.1016%2Fj.apcatb.2020.118867.ttl
10.1163/156856707781749883,10.1163%2F156856707781749883.ttl
10.1016/j.jphotochem.2018.09.006,10.1016%2Fj.jphotochem.2018.09.006.ttl
10.1016/j.cattod.2009.07.081,10.1016%2Fj.cattod.2009.07.081.ttl
10.1007/s11356-020-08804-2,10.1007%2Fs11356-020-08804-2.ttl
10.1016/j.apcatb.2020.118760,10.1016%2Fj.apcatb.2020.118760.ttl
10.1021/cs500848f,10.1021%2Fcs500848f.ttl
10.1039/C9CC02891A,10.1039%2FC9CC02891A.ttl
10.1016/j.solmat.2016.07.001,10.1016%2Fj.solmat.2016.07.001.ttl
10.1016/j.matlet.2018.08.072,10.1016%2Fj.matlet.2018.08.072.ttl
10.1039/c8cp02774a,10.1039%2Fc8cp02774a.ttl
10.1039/C9NR07824J,10.1039%2FC9NR07824J.ttl
10.1021/jp210106b,10.1021%2Fjp210106b.ttl
10.1016/j.apcatb.2014.01.048,10.1016%2Fj.apcatb.2014.01.048.ttl
10.1007/s10971-020-05260-9,10.1007%2Fs10971-020-05260-9.ttl
10.1016/S1010-6030(97)00228-1,10.1016%2FS1010-6030%2897%2900228-1.ttl
10.1016/j.apcatb.2014.04.048,10.1016%2Fj.apcatb.2014.04.048.ttl
10.1016/1010-6030(94)03936-O,10.1016%2F1010-6030%2894%2903936-O.ttl
10.1039/C5CY00772K,10.1039%2FC5CY00772K.ttl
10.1016/j.jcat.2020.03.005,10.1016%2Fj.jcat.2020.03.005.ttl
10.1002/cctc.201801282,10.1002%2Fcctc.201801282.ttl
10.1016/1010-6030(96)04334-1,10.1016%2F1010-6030%2896%2904334-1.ttl
10.1016/j.catcom.2015.10.004,10.1016%2Fj.catcom.2015.10.004.ttl
10.1016/j.materresbull.2020.111073,10.1016%2Fj.materresbull.2020.111073.ttl
10.1039/C6NR02124G,10.1039%2FC6NR02124G.ttl
10.1016/j.apcatb.2015.06.053,10.1016%2Fj.apcatb.2015.06.053.ttl
10.1016/j.chempr.2020.01.005,10.1016%2Fj.chempr.2020.01.005.ttl
10.1163/156856700X00129,10.1163%2F156856700X00129.ttl
10.1039/C1CC12491A,10.1039%2FC1CC12491A.ttl
10.1016/j.jcat.2007.10.014,10.1016%2Fj.jcat.2007.10.014.ttl
10.1007/s11244-006-0100-z,10.1007%2Fs11244-006-0100-z.ttl
10.1023/A:1015400223708,10.1023%2FA%3A1015400223708.ttl
10.1039/c6nr02525k,10.1039%2Fc6nr02525k.ttl
10.1021/acsami.8b09455,10.1021%2Facsami.8b09455.ttl
10.1016/j.cplett.2012.02.016,10.1016%2Fj.cplett.2012.02.016.ttl
10.1021/acs.jpcc.0c04931,10.1021%2Facs.jpcc.0c04931.ttl
10.1039/c3ta12433a,10.1039%2Fc3ta12433a.ttl
10.1002/adma.201807226,10.1002%2Fadma.201807226.ttl
10.1039/C4RA15605F,10.1039%2FC4RA15605F.ttl
10.1016/j.cattod.2007.10.011,10.1016%2Fj.cattod.2007.10.011.ttl
10.1039/D0CC00805B,10.1039%2FD0CC00805B.ttl
10.1021/jacs.8b13528,10.1021%2Fjacs.8b13528.ttl
10.1016/j.jmst.2020.02.062,10.1016%2Fj.jmst.2020.02.062.ttl
10.1016/j.apcatb.2019.118519,10.1016%2Fj.apcatb.2019.118519.ttl
10.1002/adma.201601387,10.1002%2Fadma.201601387.ttl
10.1016/j.jcat.2013.06.027,10.1016%2Fj.jcat.2013.06.027.ttl
10.1039/C2JM31736B,10.1039%2FC2JM31736B.ttl
10.1016/j.apsusc.2013.12.140,10.1016%2Fj.apsusc.2013.12.140.ttl
10.1021/acscatal.8b00104,10.1021%2Facscatal.8b00104.ttl
10.1016/j.apcata.2014.05.008,10.1016%2Fj.apcata.2014.05.008.ttl
10.1016/j.jcis.2015.11.022,10.1016%2Fj.jcis.2015.11.022.ttl
10.1016/j.mseb.2015.08.003,10.1016%2Fj.mseb.2015.08.003.ttl
10.1016/j.apcata.2013.12.035,10.1016%2Fj.apcata.2013.12.035.ttl
10.1016/j.apcatb.2013.11.036,10.1016%2Fj.apcatb.2013.11.036.ttl
10.1021/acsami.7b13043,10.1021%2Facsami.7b13043.ttl
10.1016/j.jcis.2018.03.064,10.1016%2Fj.jcis.2018.03.064.ttl
10.1016/j.apcatb.2018.02.042,10.1016%2Fj.apcatb.2018.02.042.ttl
10.3303/CET1543168,10.3303%2FCET1543168.ttl
10.1016/j.catcom.2007.01.006,10.1016%2Fj.catcom.2007.01.006.ttl
10.1016/j.apcatb.2010.03.021,10.1016%2Fj.apcatb.2010.03.021.ttl
10.1016/j.cej.2020.125390,10.1016%2Fj.cej.2020.125390.ttl
10.1038/srep23684,10.1038%2Fsrep23684.ttl
10.1016/j.jallcom.2021.159400,10.1016%2Fj.jallcom.2021.159400.ttl
10.1016/j.apsusc.2014.07.153,10.1016%2Fj.apsusc.2014.07.153.ttl
10.1007/s11244-007-9022-7,10.1007%2Fs11244-007-9022-7.ttl
10.1021/acs.iecr.0c03952,10.1021%2Facs.iecr.0c03952.ttl
10.1002/cctc.201801745,10.1002%2Fcctc.201801745.ttl
10.1002/anie.201407319,10.1002%2Fanie.201407319.ttl
10.1039/c6ta08310b,10.1039%2Fc6ta08310b.ttl
10.1021/acsanm.0c01300,10.1021%2Facsanm.0c01300.ttl
10.1016/j.apsusc.2016.06.148,10.1016%2Fj.apsusc.2016.06.148.ttl
10.1021/la9801561,10.1021%2Fla9801561.ttl
10.1557/jmr.2018.294,10.1557%2Fjmr.2018.294.ttl
10.1016/j.jcat.2018.11.004,10.1016%2Fj.jcat.2018.11.004.ttl
10.1002/anie.201301473,10.1002%2Fanie.201301473.ttl
10.1039/c8cy00513c,10.1039%2Fc8cy00513c.ttl
10.1016/j.jallcom.2020.154723,10.1016%2Fj.jallcom.2020.154723.ttl
10.1016/j.apcatb.2018.08.003,10.1016%2Fj.apcatb.2018.08.003.ttl
10.1016/j.jscs.2013.08.003,10.1016%2Fj.jscs.2013.08.003.ttl
10.1016/j.catcom.2012.08.008,10.1016%2Fj.catcom.2012.08.008.ttl
10.1063/1.5041101,10.1063%2F1.5041101.ttl
10.1039/C9EN01325C,10.1039%2FC9EN01325C.ttl
10.1021/acs.jpcc.8b04239,10.1021%2Facs.jpcc.8b04239.ttl
10.1016/j.catcom.2005.01.011,10.1016%2Fj.catcom.2005.01.011.ttl
10.1016/j.apcatb.2017.01.035,10.1016%2Fj.apcatb.2017.01.035.ttl
10.1016/j.apcatb.2016.11.062,10.1016%2Fj.apcatb.2016.11.062.ttl
10.1016/s1003-9953(10)60166-1,10.1016%2Fs1003-9953%2810%2960166-1.ttl
10.1002/admi.201801062,10.1002%2Fadmi.201801062.ttl
10.1016/S0926-860X(03)00487-3,10.1016%2FS0926-860X%2803%2900487-3.ttl
10.4028/www.scientific.net/AMM.55-57.1506,10.4028%2Fwww.scientific.net%2FAMM.55-57.1506.ttl
10.1016/j.catcom.2016.01.019,10.1016%2Fj.catcom.2016.01.019.ttl
10.1007/s10008-013-2143-y,10.1007%2Fs10008-013-2143-y.ttl
10.1016/j.apcatb.2018.02.046,10.1016%2Fj.apcatb.2018.02.046.ttl
10.1023/A:1013853618581,10.1023%2FA%3A1013853618581.ttl
10.1016/j.jcat.2018.12.009,10.1016%2Fj.jcat.2018.12.009.ttl
10.1016/j.apsusc.2013.05.003,10.1016%2Fj.apsusc.2013.05.003.ttl
10.1039/C1CC13034J,10.1039%2FC1CC13034J.ttl
10.1021/nl803258p,10.1021%2Fnl803258p.ttl
10.1016/j.powtec.2014.04.004,10.1016%2Fj.powtec.2014.04.004.ttl
10.1007/s11244-016-0550-x,10.1007%2Fs11244-016-0550-x.ttl
10.1016/j.apcatb.2013.08.027,10.1016%2Fj.apcatb.2013.08.027.ttl
10.1155/2016/6012896,10.1155%2F2016%2F6012896.ttl
10.1016/j.cej.2021.129295,10.1016%2Fj.cej.2021.129295.ttl
10.1016/j.apcatb.2020.119170,10.1016%2Fj.apcatb.2020.119170.ttl
10.1021/acssuschemeng.8b03168,10.1021%2Facssuschemeng.8b03168.ttl
10.1016/j.renene.2019.07.105,10.1016%2Fj.renene.2019.07.105.ttl
10.1007/s10562-020-03111-4,10.1007%2Fs10562-020-03111-4.ttl
10.1016/j.ceramint.2016.09.112,10.1016%2Fj.ceramint.2016.09.112.ttl
10.1002/chem.201801465,10.1002%2Fchem.201801465.ttl
10.1016/j.catcom.2017.09.010,10.1016%2Fj.catcom.2017.09.010.ttl
10.1007/s11144-015-0911-7,10.1007%2Fs11144-015-0911-7.ttl
10.1016/j.apcatb.2020.119630,10.1016%2Fj.apcatb.2020.119630.ttl
10.1016/j.apcatb.2020.119454,10.1016%2Fj.apcatb.2020.119454.ttl
10.1007/s11426-020-9801-3,10.1007%2Fs11426-020-9801-3.ttl
10.1021/acscatal.8b00003,10.1021%2Facscatal.8b00003.ttl
10.1039/C3TA14493C,10.1039%2FC3TA14493C.ttl
10.3390/catal7020063,10.3390%2Fcatal7020063.ttl
10.1039/A700185A,10.1039%2FA700185A.ttl
10.1016/S0360-5442(98)00070-X,10.1016%2FS0360-5442%2898%2900070-X.ttl
10.4191/kcers.2018.55.4.03,10.4191%2Fkcers.2018.55.4.03.ttl
10.1007/s10562-009-0076-y,10.1007%2Fs10562-009-0076-y.ttl
10.1039/C2JM33980C,10.1039%2FC2JM33980C.ttl
10.1021/acsami.8b02552,10.1021%2Facsami.8b02552.ttl
10.1016/j.apsusc.2019.144683,10.1016%2Fj.apsusc.2019.144683.ttl
10.1016/j.jclepro.2006.05.003,10.1016%2Fj.jclepro.2006.05.003.ttl
10.1039/C6TA11121A,10.1039%2FC6TA11121A.ttl
10.1038/327506a0,10.1038%2F327506a0.ttl
10.1021/acsaem.0c00881,10.1021%2Facsaem.0c00881.ttl
10.1021/am200425y,10.1021%2Fam200425y.ttl
10.1002/cctc.201800959,10.1002%2Fcctc.201800959.ttl
10.1016/j.materresbull.2020.110926,10.1016%2Fj.materresbull.2020.110926.ttl
10.1016/j.solener.2020.09.054,10.1016%2Fj.solener.2020.09.054.ttl
10.1016/j.cplett.2008.10.079,10.1016%2Fj.cplett.2008.10.079.ttl
10.1021/acs.iecr.8b04123,10.1021%2Facs.iecr.8b04123.ttl
10.1016/j.apsusc.2015.12.163,10.1016%2Fj.apsusc.2015.12.163.ttl
10.1039/D0CC00425A,10.1039%2FD0CC00425A.ttl
10.1002/chem.202002975,10.1002%2Fchem.202002975.ttl
10.1016/j.apcata.2012.04.001,10.1016%2Fj.apcata.2012.04.001.ttl
10.1039/C5NR03712C,10.1039%2FC5NR03712C.ttl
10.1016/j.jcis.2011.05.004,10.1016%2Fj.jcis.2011.05.004.ttl
10.1016/j.apsusc.2015.02.078,10.1016%2Fj.apsusc.2015.02.078.ttl
10.1016/j.molcata.2016.07.019,10.1016%2Fj.molcata.2016.07.019.ttl
10.1039/c8ta01309h,10.1039%2Fc8ta01309h.ttl
10.1002/chem.201706178,10.1002%2Fchem.201706178.ttl
10.1016/j.mssp.2020.105082,10.1016%2Fj.mssp.2020.105082.ttl
10.1016/j.apsusc.2020.146296,10.1016%2Fj.apsusc.2020.146296.ttl
10.3390/nano10071303,10.3390%2Fnano10071303.ttl
